{"sections":{"main":{"type":"404-template","settings":{}},"80231208-c333-4887-bfa3-6d4f1d28add7":{"type":"pagefly-section","disabled":true,"settings":{"section_id":""}},"45f3522e-dc60-4ed1-ad9b-947feadb439c":{"type":"pagefly-section","disabled":true,"settings":{"section_id":"pf-c52849c9"}},"66449adc-47e1-4168-a73f-459fd22c5372":{"type":"pagefly-section","settings":{"section_id":"pf-c52849c9"}}},"order":["main","80231208-c333-4887-bfa3-6d4f1d28add7","45f3522e-dc60-4ed1-ad9b-947feadb439c","66449adc-47e1-4168-a73f-459fd22c5372"]}