{"sections":{"main":{"type":"article-template","custom_css":["h1.align_center.article_title {font-size: xxx-large;}"],"settings":{"featured_image":"content","wide_display":false,"mobile_image_crop":"none","caption_content_background":"original","blog_breadcrumb":false,"blog_pagination":true,"blog_tags":false,"blog_byline":false,"read_time":false,"blog_date":true,"blog_author":false,"display_social_buttons":false,"blog_comment_count":true,"blog_additional_posts":true,"read_more_link":true,"toggle":false}},"pagefly_section_gNKzUK":{"type":"pagefly-section","settings":{"section_id":"pf-dd01e33a"}},"pagefly_section_WewUWz":{"type":"pagefly-section","settings":{"section_id":"pf-c52849c9"}}},"order":["main","pagefly_section_gNKzUK","pagefly_section_WewUWz"]}