{"sections":{"main":{"type":"blog-template","settings":{"wide_display":true,"mobile_image_crop":"none","subtitle":"News and resources for cleaner cooking","caption_content_background":"original","blog_posts_per_row":3,"blog_posts_per_page":12,"blog_tags":false,"blog_author":false,"read_time":false,"blog_date":true,"blog_comment_count":false,"read_more_link":true,"excerpt_display":"full_excerpt","toggle":false,"top1_text":"ALL POSTS","top1":"shopify:\/\/pages\/blogs","top2_text":"KITCHEN AIR","top2":"shopify:\/\/blogs\/kitchen","top3_text":"COMPANY NEWS","top3":"shopify:\/\/blogs\/company-news"}}},"order":["main"]}