{"sections":{"main":{"type":"collection-sub-collections-template","blocks":{"d3d531db-7d2a-485e-989e-78ec1109e45b":{"type":"faceted_filtering","settings":{}}},"block_order":["d3d531db-7d2a-485e-989e-78ec1109e45b"],"settings":{"featured_collection_image":false,"wide_display":true,"mobile_image_crop":"none","caption_content_background":"original","collection_breadcrumb":true,"display_collection_title":false,"collection_tags":false,"collection_sort":false,"align_height":false,"collection_height":200,"collections_per_row":3,"products_per_row":3,"pagination_limit":48,"toggle":false}}},"order":["main"]}