{"sections":{"6877caee-7054-40ac-8bac-5905ebf41368":{"type":"pagefly-section","settings":{"section_id":"pf-00aea5dc"}},"main":{"type":"collection-template","blocks":{"ff0c3a22-4c07-4d30-837d-56f92aa8853e":{"type":"faceted_filtering","settings":{}}},"block_order":["ff0c3a22-4c07-4d30-837d-56f92aa8853e"],"custom_css":["div.breadcrumb-collection {padding: 0 !important;}",".current_price span.money {color: rgb(199, 61, 35);}"],"settings":{"featured_collection_image":true,"wide_display":true,"image":"shopify:\/\/shop_images\/20240522_Airhood_Warranty_Announcment_Desktop.png","mobile_image":"shopify:\/\/shop_images\/20240522_Airhood_Warranty_Announcment_Mobile.png","mobile_image_crop":"none","caption_content_background":"original","display_collection_title":false,"collection_breadcrumb":false,"collection_tags":false,"collection_sort":false,"products_per_row":4,"pagination_limit":48,"toggle":false}},"38cc8675-3a02-4bbe-80a5-dc785095ee7d":{"type":"pagefly-section","settings":{"section_id":"pf-dd01e33a"}},"d93204b8-cbd3-4d91-8e80-1d2b188dbfb3":{"type":"pagefly-section","settings":{"section_id":"pf-c52849c9"}}},"order":["6877caee-7054-40ac-8bac-5905ebf41368","main","38cc8675-3a02-4bbe-80a5-dc785095ee7d","d93204b8-cbd3-4d91-8e80-1d2b188dbfb3"]}