{"sections":{"pagefly-home":{"type":"pagefly-home","settings":{}},"slideshow_3zXrgP":{"type":"slideshow","blocks":{"image_7Qz6NG":{"type":"image","disabled":true,"settings":{"image":"shopify:\/\/shop_images\/20240522_AirHood_US_Homepage_Banner_May_Memorial_Day_Desktop.png","pretext":"","title":"","subtitle":"","button1":"","button1_link":"https:\/\/theairhood.com\/collections\/airhood-shop","button1_style":"global-button--banner","button2":"","button2_link":"","button2_style":"global-button--banner","text_position":"center","text_align":"center","caption_content_background":"original","mobile_image":"shopify:\/\/shop_images\/20240522_AirHood_US_Homepage_Banner_May_Memorial_Day_Mobile.png","mobile_image_crop":"none"}},"image_9iTj6F":{"type":"image","settings":{"image":"shopify:\/\/shop_images\/4000px_1.png","pretext":"","title":"","subtitle":"","button1":"","button1_link":"https:\/\/theairhood.com\/collections\/airhood-shop","button1_style":"global-button--banner","button2":"","button2_link":"","button2_style":"global-button--banner","text_position":"center","text_align":"center","caption_content_background":"original","mobile_image":"shopify:\/\/shop_images\/20231208_AirHood_Homepage-Banner_001.png","mobile_image_crop":"none"}}},"block_order":["image_7Qz6NG","image_9iTj6F"],"settings":{"wide_display":true,"slideshow_text_animation":"","slideshow_animation":"slide","slideshow_speed":6,"activate_adaptiveHeight":false,"mobile_text_below_image":true,"mobile_text_color":"","css_class":"","custom_css":""}},"30e22197-c840-418e-ad52-50a892f3f779":{"type":"pagefly-section","disabled":true,"settings":{"section_id":"pf-60c5de2c"}},"dff0d061-1e61-473a-b772-84c27a2a8b6f":{"type":"pagefly-section","custom_css":[],"settings":{"section_id":"pf-b00280b4"}},"da1a6cc3-fd34-4f58-853b-319df6e1bcfc":{"type":"pagefly-section","settings":{"section_id":"pf-a140dc56"}},"pagefly_section_RmdEYW":{"type":"pagefly-section","settings":{"section_id":"pf-9058392f"}},"new_slider_MmhzJN":{"type":"new-slider","blocks":{"slide_wKrmnL":{"type":"slide","settings":{"image":"shopify:\/\/shop_images\/IMG_1250_1.jpg","mobile_image":"shopify:\/\/shop_images\/IMG_1250_1.png","heading":"Powerful Cooking Fume Extraction","heading_element_width":320,"text":"Experience a cleaner and fresher cooking environment with AirHood's advanced suction mechanism. Reduce respiratory risks and unwanted odors for a more pleasant kitchen atmosphere."}},"slide_zatQa9":{"type":"slide","settings":{"image":"shopify:\/\/shop_images\/Airhood_205_2.jpg","mobile_image":"shopify:\/\/shop_images\/Airhood_205_3.png","heading":"Compact & Portable","heading_element_width":300,"text":"AirHood's space-saving design ensures a clutter-free kitchen. Easily move it from your kitchen to the table, ensuring purified air wherever you cook. Comes in both wired and wireless options."}},"slide_DwmKhc":{"type":"slide","settings":{"image":"shopify:\/\/shop_images\/Airhood_227_2_1.jpg","mobile_image":"shopify:\/\/shop_images\/Airhood_227_2_1.png","heading":"Easy-to-clean","heading_element_width":320,"text":"Effortlessly maintain a spotless appearance by simply wiping the surface with a clean rag, while the dishwasher-safe oil filter ensures hassle-free cleaning, keeping stains and grease at bay."}},"slide_8ic4Qg":{"type":"slide","settings":{"image":"shopify:\/\/shop_images\/Group_441.jpg","mobile_image":"shopify:\/\/shop_images\/Group_440.png","heading":"Wired & Wireless","heading_element_width":390,"text":"The wired option delivers unlimited power. Thanks to the hollow design of its base.  The wireless version of the AirHood offers ultimate flexibility for cooking in spaces where sockets are inaccessible."}}},"block_order":["slide_wKrmnL","slide_zatQa9","slide_DwmKhc","slide_8ic4Qg"],"settings":{"section_title":"Like a Range Hood, But Better"}},"2_column_slider_8Lr6Mz":{"type":"2-column-slider","blocks":{"slide_8wN3FH":{"type":"slide","settings":{"image":"shopify:\/\/shop_images\/20240522_AirHood_Banner_Filteration_Black_Desktop.jpg","mobile_image":"shopify:\/\/shop_images\/20240522_AirHood_Banner_Filteration_Black_Mobile.jpg","text_image":"shopify:\/\/shop_images\/IMG_5025-Edit_1.png","heading":"Cleaner Kitchen Air While Cooking","subheading":"Oil Filter","text1":"High-grade","number_text":"3 layer","text2":"stainless steel","subheading_text":"Captures: Grease build up and oil particles","subtext":"Captures grease effectively","paragraph":"Effectively captures grease. Plus, the oil filter is dishwasher-safe, making cleaning easy and mess-free. Proven durability, longer lasting and non-toxic."}},"slide_KNmQyb":{"type":"slide","settings":{"image":"shopify:\/\/shop_images\/Group_450.jpg","mobile_image":"shopify:\/\/shop_images\/20230729_AirHood_Exploded_View_Steam__background_no_logo_3_2.jpg","text_image":"shopify:\/\/shop_images\/IMG_4984-Edit_1.png","heading":"Cleaner Kitchen Air While Cooking","subheading":"Charcoal Filter","text1":"Consists of","number_text":">70%","text2":"carbon content","subheading_text":"Captures: VOC’s incl. benzene, cooking odors, gases and chemical vapors","subtext":"Purifies air & trap toxins","paragraph":"Using activated charcoal filters the AirHood effectively remove toxins, and absorb impurities as cooking fumes pass through."}}},"block_order":["slide_8wN3FH","slide_KNmQyb"],"settings":{"mobile_heading":"Cleaner Kitchen Air While Cooking"}},"video_and_image_slider_qbPibe":{"type":"video-and-image-slider","blocks":{"video_image_block_GdhEQc":{"type":"video_image_block","settings":{"video_url":"","preview_video_url":"","image":"shopify:\/\/shop_images\/Heidi_with_AirHood_2_7.jpg","review_content":"My detectors haven’t gone off so that’s a bonus!!","review_name":"@welcometoheidi"}},"video_image_block_J4gnKE":{"type":"video_image_block","settings":{"video_url":"https:\/\/cdn.shopify.com\/videos\/c\/o\/v\/8d0d4ec9ce6f42cca149a048aa7da37e.mp4","preview_video_url":"https:\/\/cdn.shopify.com\/videos\/c\/o\/v\/b3981da07f6947799521136beed8cf15.mp4","image_thumbnail":"shopify:\/\/shop_images\/20240124_AirHood_UGC_001_1.jpg","review_content":"AirHood started popping up on my feed and I knew I had to try it.","review_name":"@feedthepudge"}},"video_image_block_qcTctr":{"type":"video_image_block","settings":{"video_url":"","preview_video_url":"","image":"shopify:\/\/shop_images\/image_15_51cc5a84-f857-4413-9384-d190aa49f1ec.jpg","review_content":"My kitchen window fan hasn't worked in years, and this portable kitchen air cleaner is a marvel!","review_name":"@GayNYCDad"}},"video_image_block_6mfaaB":{"type":"video_image_block","settings":{"video_url":"https:\/\/cdn.shopify.com\/videos\/c\/o\/v\/86f253c440724c5fa3941fd3e2f18cbd.mp4","preview_video_url":"https:\/\/cdn.shopify.com\/videos\/c\/o\/v\/7d143fd6dbcc4cdbb2211c51670507cf.mp4","image_thumbnail":"shopify:\/\/shop_images\/20240124_AirHood_UGC_005_1_1.jpg","review_content":"It’s great because it’s not as loud as traditional range hoods, but the best part is how easy it is to clean.","review_name":"Tracey"}},"video_image_block_kPTBNG":{"type":"video_image_block","settings":{"video_url":"https:\/\/cdn.shopify.com\/videos\/c\/o\/v\/469ca0b7c2e74a4fb6f632fe1c7b4a29.mov","preview_video_url":"https:\/\/cdn.shopify.com\/videos\/c\/o\/v\/3d42395bdab64fdc8bbc16481f7c7769.mp4","image_thumbnail":"shopify:\/\/shop_images\/20240124_AirHood_UGC_003_5.jpg","review_content":"I would recommend everyone get one for their home.","review_name":"Rebecca M."}},"video_image_block_bdgKag":{"type":"video_image_block","settings":{"video_url":"","preview_video_url":"","image":"shopify:\/\/shop_images\/Christopher_Gohr_early_tester_with_AirHood_3_3_1.jpg","review_content":"It sucks up most of the cooking fumes, grease and cooking smells. Really glad I invested in this very slick premium kitchen gadget","review_name":"Christopher G."}},"video_image_block_6Uc7WL":{"type":"video_image_block","settings":{"video_url":"https:\/\/cdn.shopify.com\/videos\/c\/o\/v\/d3fc4003db2744f8a01f4570f643b651.mp4","preview_video_url":"https:\/\/cdn.shopify.com\/videos\/c\/o\/v\/1b5c0cf649f041cab6a7fb663f40e3cd.mp4","image_thumbnail":"shopify:\/\/shop_images\/20240124_AirHood_UGC_004_1.jpg","review_content":"The AirHood is affordable, stylish and so easy to store!","review_name":"Ryan T."}},"video_image_block_GBdMqi":{"type":"video_image_block","settings":{"video_url":"","preview_video_url":"https:\/\/cdn.shopify.com\/videos\/c\/o\/v\/f2343c4345f8424c9d4758d7c451bd11.mp4","image":"shopify:\/\/shop_images\/20230901_093941_3.jpg","review_content":"Our AirHood is so nice to clean the grease, smoke, and odors while I'm cooking.","review_name":"@themaverickmama"}}},"block_order":["video_image_block_GdhEQc","video_image_block_J4gnKE","video_image_block_qcTctr","video_image_block_6mfaaB","video_image_block_kPTBNG","video_image_block_bdgKag","video_image_block_6Uc7WL","video_image_block_GBdMqi"],"settings":{"section_title":"Trusted by Home Cooks"}},"product_best_seller_qJgqVe":{"type":"product-best-seller","blocks":{"product_dNpepk":{"type":"product","settings":{"product_handle":"airhood-wired-the-worlds-first-portable-kitchen-air-cleaner-range-hood","initial_variant_image":"Cadmium Orange","product_paragraph":"1 Wired AirHood,\n1 Washable Oil Filter,\n1 Pack of 5 Charcoal Filters"}},"product_J6wcbb":{"type":"product","settings":{"product_handle":"wireless-daily-trio-portable-range-hood","initial_variant_image":"Mint Green","product_paragraph":"1 Wireless AirHood with Charger\n1 Base Boost\n2 Washable Oil Filters\n1 Pack of 5 Charcoal Filters"}},"product_cn6Xxn":{"type":"product","settings":{"product_handle":"wireless-all-in-set-portable-range-hood","initial_variant_image":"Space Black","product_paragraph":"1 Wireless AirHood with Charger\n1 Base Boost\n2 Washable Oil Filters\n1 Pack of 10 Charcoal Filters"}}},"block_order":["product_dNpepk","product_J6wcbb","product_cn6Xxn"],"settings":{"title":"Best Sellers","background_color_desktop":"#ececec"}},"review_section_3rKFAp":{"type":"review-section","blocks":{"review_7yCAxp":{"type":"review","settings":{"review_title":"FABULOUS FIND!","review_text":"“Our kitchen does not have a hood and when I cook onions, garlic etc. my house smells for 2 days.. I had a contractor come and give me an $11,000.00 to install a hood. Luckily I saw this AIR HOOD advertised and decided to try it. IT WORKS! It’s a great product and it saved me thousands of dollars.”","review_name":"-Ryan A, United States","star_rating":"5"}},"review_8KzHFa":{"type":"review","settings":{"review_title":"Fantastic","review_text":"“The best of the best. I replaced an $80 Amazon air hood with this one, the real thing. It sits next to our electric griddle and fryer and sops up all of the smoke like magic. What a great piece of equipment for my wife's gourmet kitchen!\"","review_name":"-Mitchell S, US","star_rating":"5"}},"review_qeGyME":{"type":"review","settings":{"review_title":"The AirHood - A Great Solution","review_text":"“I use the Air Hood when using my counter-top deep fryer. I cannot place my deep fryer on my cooktop, so it’s not under my range hood leaving the smell and grease particulate hanging in the air. I placed my Air Hood next to the deep fryer and I can see the steam cloud, along with the grease and odor being pulled into the Air Hood Filters. It really significantly reduced the smell of fish frying and trapped the grease particulate in the filter. A great idea for all of your portable cooking appliances.”","review_name":"-Woodrow d, United States","star_rating":"5"}}},"block_order":["review_7yCAxp","review_8KzHFa","review_qeGyME"],"disabled":true,"settings":{"background_review":"shopify:\/\/shop_images\/Airhood053_2.jpg","background_review_mobile":"shopify:\/\/shop_images\/Airhood053_2_1.jpg","review_section_title":"Hundreds of Verified Reviews"}},"custom_gallery_eMhCkR":{"type":"custom-gallery","blocks":{"video_image_block1_edQfj7":{"type":"video_image_block1","settings":{"video_url":"https:\/\/www.youtube.com\/watch?v=SDIQZftpSmk","image_thumbnail":"shopify:\/\/shop_images\/image_77.png"}},"video_image_block1_pfhLHK":{"type":"video_image_block1","settings":{"video_url":"https:\/\/www.youtube.com\/watch?v=f27A4RJSLdA","image_thumbnail":"shopify:\/\/shop_images\/MicrosoftTeams-image_22_1_733ce488-3059-45c7-a58a-eaba1e41133b.jpg"}},"video_image_block1_wpRf8w":{"type":"video_image_block1","settings":{"video_url":"","image":"shopify:\/\/shop_images\/IMG_0509_1_f5a4fd0a-79f4-4dd9-92ec-2976959d049d.jpg"}},"video_image_block2_kVQ3Et":{"type":"video_image_block2","settings":{"video_url":"","preview_video_url":"","image":"shopify:\/\/shop_images\/MicrosoftTeams-image_23_3_cdf51b7f-f87e-4d9d-8e55-4dfed7d971c7.jpg"}},"video_image_block2_7MnHTb":{"type":"video_image_block2","settings":{"video_url":"","preview_video_url":"","image":"shopify:\/\/shop_images\/Paola_Paulino_-_paopaopaulino_-_IG_story_-_lifestyle_04_2_ce9db9a1-4cca-4c16-bdd3-b09a2ea7638f.jpg"}},"video_image_block2_nQxVQA":{"type":"video_image_block2","settings":{"video_url":"","preview_video_url":"","image":"shopify:\/\/shop_images\/Monika_B_1_d97436f5-bfc7-45a3-84a7-3aa5f26e3f08.jpg"}},"video_image_block2_VYdNft":{"type":"video_image_block2","settings":{"video_url":"","preview_video_url":"","image":"shopify:\/\/shop_images\/Nayong_Park_-_nyplusg_-_IG_story_-_lifestyle_2_509989db-1b6e-48bf-9833-416cc8c67d30.jpg"}}},"block_order":["video_image_block1_edQfj7","video_image_block1_pfhLHK","video_image_block1_wpRf8w","video_image_block2_kVQ3Et","video_image_block2_7MnHTb","video_image_block2_nQxVQA","video_image_block2_VYdNft"],"disabled":true,"settings":{"section_title":"Clean Cooking Anywhere"}},"full_width_slider_7RWdhJ":{"type":"full-width-slider","blocks":{"text_Ak9kWF":{"type":"text","settings":{"fss_heading_title":"The World’s First Portable Kitchen Air Cleaner","fss_paragraph":"Cooking in a college dorm with a lack of kitchen ventilation, French inventor Maxime Augay came up with the idea to design a portable kitchen air cleaner. With luck, he found a partner that would turn his idea into the AirHood.","cta_link":"https:\/\/theairhood.com\/pages\/about-us","cta_text":"Read More","background_image":"shopify:\/\/shop_images\/20250521_Maxime_Image_Desktop_001.png","background_image_mobile":"shopify:\/\/shop_images\/20250521_Maxime_Image_Mobile_001.png"}},"text_6M3RVP":{"type":"text","settings":{"fss_heading_title":"What are cooking fumes and how can we filter them out?","fss_paragraph":"Here's how to improve kitchen air quality  for a healthier home.","cta_link":"https:\/\/theairhood.com\/blogs\/articles\/cooking-fumes-kitchen-air-quality","cta_text":"Read More","background_image":"shopify:\/\/shop_images\/Frame_72.jpg","background_image_mobile":"shopify:\/\/shop_images\/Group_451.jpg"}}},"block_order":["text_Ak9kWF","text_6M3RVP"],"settings":{}},"masonry_gallery_R36j4A":{"type":"masonry-gallery","blocks":{"image_zTYKTr":{"type":"image","settings":{"image_desktop":"shopify:\/\/shop_images\/Paola_Paulino_-_paopaopaulino_-_IG_story_-_lifestyle_04_2.jpg","video_url":"https:\/\/www.youtube.com\/watch?v=SDIQZftpSmk","image_alt_text":""}},"image_HiqUCw":{"type":"image","settings":{"image_desktop":"shopify:\/\/shop_images\/IMG_0509_1.jpg","video_url":"","image_alt_text":""}},"image_zcgwbK":{"type":"image","settings":{"image_desktop":"shopify:\/\/shop_images\/MicrosoftTeams-image_22_1.jpg","video_url":"","image_alt_text":""}},"image_93YYmF":{"type":"image","settings":{"image_desktop":"shopify:\/\/shop_images\/Nayong_Park_-_nyplusg_-_IG_story_-_lifestyle_2.jpg","video_url":"","image_alt_text":""}},"image_B9BHec":{"type":"image","settings":{"image_desktop":"shopify:\/\/shop_images\/rjworkmangraphics_inside_of_RV_motor_home_kitchen_area_clean_ti_b5b1643d-2c25-44bd-8f57-1fc2438b276d_4.jpg","video_url":"","image_alt_text":""}},"image_riXerm":{"type":"image","settings":{"image_desktop":"shopify:\/\/shop_images\/Screenshot_2024-01-25_at_4.39_1.jpg","video_url":"","image_alt_text":""}},"image_LRRCwk":{"type":"image","settings":{"image_desktop":"shopify:\/\/shop_images\/Janet_Kennedy_-_RV_-_FB_Review_2_2.jpg","video_url":"","image_alt_text":""}},"image_DEQ6yh":{"type":"image","settings":{"image_desktop":"shopify:\/\/shop_images\/Monika_B_1.jpg","video_url":"","image_alt_text":""}},"image_ibjbVP":{"type":"image","settings":{"image_desktop":"shopify:\/\/shop_images\/MicrosoftTeams-image_23_3.jpg","video_url":"","image_alt_text":""}}},"block_order":["image_zTYKTr","image_HiqUCw","image_zcgwbK","image_93YYmF","image_B9BHec","image_riXerm","image_LRRCwk","image_DEQ6yh","image_ibjbVP"],"disabled":true,"settings":{"section_title":"Masonry Gallery"}},"pagefly_section_zQegVP":{"type":"pagefly-section","settings":{"section_id":"pf-dd01e33a"}},"pagefly_section_hagip6":{"type":"pagefly-section","settings":{"section_id":"pf-c52849c9"}}},"order":["pagefly-home","slideshow_3zXrgP","30e22197-c840-418e-ad52-50a892f3f779","dff0d061-1e61-473a-b772-84c27a2a8b6f","da1a6cc3-fd34-4f58-853b-319df6e1bcfc","pagefly_section_RmdEYW","new_slider_MmhzJN","2_column_slider_8Lr6Mz","video_and_image_slider_qbPibe","product_best_seller_qJgqVe","review_section_3rKFAp","custom_gallery_eMhCkR","full_width_slider_7RWdhJ","masonry_gallery_R36j4A","pagefly_section_zQegVP","pagefly_section_hagip6"]}