{"sections":{"main":{"type":"list-collections-template","settings":{"wide_display":true,"mobile_image_crop":"none","caption_content_background":"original","collection_breadcrumb":true,"display_collection_title":false,"align_height":false,"collection_height":200,"collections_per_row":3,"pagination_limit":18,"toggle":false}},"170ff506-eff5-488c-8749-1aded44ba848":{"type":"pagefly-section","settings":{"section_id":"pf-dd01e33a"}},"d066f20c-c5f8-4e09-9563-3ed05b591e66":{"type":"pagefly-section","settings":{"section_id":"pf-c52849c9"}}},"order":["main","170ff506-eff5-488c-8749-1aded44ba848","d066f20c-c5f8-4e09-9563-3ed05b591e66"]}