{"sections":{"main":{"type":"page-no-title-template","settings":{}},"36ca7016-d437-4aab-bcc5-3357c90dec1a":{"type":"pagefly-section","settings":{"section_id":"pf-7c749778"}},"5d11cb66-8fe7-4913-9a91-92454219585a":{"type":"pagefly-section","settings":{"section_id":"pf-dd01e33a"}},"5cab17e1-0f5b-4371-a9c8-adff23b2de90":{"type":"pagefly-section","settings":{"section_id":"pf-c52849c9"}}},"order":["main","36ca7016-d437-4aab-bcc5-3357c90dec1a","5d11cb66-8fe7-4913-9a91-92454219585a","5cab17e1-0f5b-4371-a9c8-adff23b2de90"]}