{"sections":{"main":{"type":"page-gallery-template","blocks":{"block-1":{"type":"image","settings":{}},"block-2":{"type":"image","settings":{}},"block-3":{"type":"image","settings":{}},"block-4":{"type":"image","settings":{}},"block-5":{"type":"image","settings":{}},"block-6":{"type":"image","settings":{}},"block-7":{"type":"image","settings":{}},"block-8":{"type":"image","settings":{}},"block-9":{"type":"image","settings":{}},"block-10":{"type":"image","settings":{}}},"block_order":["block-1","block-2","block-3","block-4","block-5","block-6","block-7","block-8","block-9","block-10"],"settings":{}}},"order":["main"]}