{"sections":{"main":{"type":"page-template","disabled":true,"settings":{}},"657ab709-2eae-45c4-8da5-73f263b87d5c":{"type":"pagefly-section","disabled":true,"settings":{"section_id":"pf-dd01e33a"}},"a10670d9-7871-43e8-9158-d6ce7430a6fc":{"type":"pagefly-section","disabled":true,"settings":{"section_id":"pf-c52849c9"}},"all_blog_posts_dckhjd":{"type":"all-blog-posts","settings":{"wide_display":true,"mobile_image_crop":"none","subtitle":"News and resources for cleaner cooking","caption_content_background":"original","blog_posts_per_row":3,"blog_posts_per_page":12,"blog_tags":false,"blog_author":false,"read_time":false,"blog_date":true,"blog_comment_count":false,"read_more_link":true,"excerpt_display":"full_excerpt","toggle":false,"top1_text":"ALL POSTS","top1":"shopify:\/\/pages\/blogs","top2_text":"KITCHEN AIR","top2":"shopify:\/\/blogs\/kitchen","top3_text":"COMPANY NEWS","top3":"shopify:\/\/blogs\/company-news"}}},"order":["main","657ab709-2eae-45c4-8da5-73f263b87d5c","a10670d9-7871-43e8-9158-d6ce7430a6fc","all_blog_posts_dckhjd"]}