{"wrapper":"div.shopify-section-wrapper.section","sections":{"sidebar":{"type":"product-sidebar","settings":{"toggle":false}},"pf-f8110126":{"type":"pf-f8110126","settings":{}},"e8db7d19-16c8-43d2-900b-15af64762bab":{"type":"pagefly-section","settings":{"section_id":"pf-2d34d5a5"}},"41cc9003-d78f-4bb0-a19d-ff6fcfcd9ad4":{"type":"pagefly-section","settings":{"section_id":"pf-c375982d"}},"7e99b39a-1f47-45ce-9b4c-5d076a84a0c6":{"type":"pagefly-section","settings":{"section_id":"pf-076acfa4"}},"b7a28690-86d1-453f-a6a4-48c60f4e4521":{"type":"pagefly-section","settings":{"section_id":"pf-7221c11b"}},"9f61076b-b6ba-4e0d-b066-b00953bb12a0":{"type":"pagefly-section","settings":{"section_id":"pf-fd38530e"}},"fe3cbd00-167b-4ecd-999b-95b0d83f751b":{"type":"pagefly-section","settings":{"section_id":"pf-1427a94e"}},"73f8105e-f72a-47bc-83db-c3f2a237ff20":{"type":"pagefly-section","settings":{"section_id":"pf-dd01e33a"}},"23e3ab22-6710-42f8-9bbc-514c2290b241":{"type":"pagefly-section","settings":{"section_id":"pf-c52849c9"}}},"order":["sidebar","pf-f8110126","e8db7d19-16c8-43d2-900b-15af64762bab","41cc9003-d78f-4bb0-a19d-ff6fcfcd9ad4","7e99b39a-1f47-45ce-9b4c-5d076a84a0c6","b7a28690-86d1-453f-a6a4-48c60f4e4521","9f61076b-b6ba-4e0d-b066-b00953bb12a0","fe3cbd00-167b-4ecd-999b-95b0d83f751b","73f8105e-f72a-47bc-83db-c3f2a237ff20","23e3ab22-6710-42f8-9bbc-514c2290b241"]}