{"wrapper":"div.shopify-section-wrapper.section","sections":{"sidebar":{"type":"product-sidebar","settings":{"toggle":false}},"pf-7f5eaaed":{"type":"pf-7f5eaaed","settings":{}},"5529c35f-0eab-4cbd-89ee-df31c7a12e9e":{"type":"pagefly-section","settings":{"section_id":"pf-e99d1286"}},"786b6608-90f2-45b3-a871-ed14434ff9c2":{"type":"pagefly-section","settings":{"section_id":"pf-da11889c"}},"0b11d433-e448-4b3e-a4ec-e367fc4e9d96":{"type":"pagefly-section","settings":{"section_id":"pf-93a66985"}},"f4e0b606-c3cd-4ad2-82f9-c028af16af4d":{"type":"pagefly-section","settings":{"section_id":"pf-cb7605e4"}},"7968cad1-45d7-4ace-8dd5-ef3b9667d6a8":{"type":"pagefly-section","settings":{"section_id":"pf-2d34d5a5"}},"dbd28b36-866f-42db-a50a-12045282da61":{"type":"pagefly-section","settings":{"section_id":"pf-e7ae7137"}},"348237a8-dce2-49e4-8a9a-884566d280b8":{"type":"pagefly-section","settings":{"section_id":"pf-c375982d"}},"0bd7eb3b-ac4a-4acc-8309-7b1b46734097":{"type":"pagefly-section","settings":{"section_id":"pf-7221c11b"}},"26b9b15f-f1c1-4107-85ab-9bb34b40f8f0":{"type":"pagefly-section","settings":{"section_id":"pf-fd38530e"}},"c2882a13-dece-4eeb-9113-18daa7ea2468":{"type":"pagefly-section","settings":{"section_id":"pf-1427a94e"}},"e7bc39a5-6ea6-4b6c-ad6e-7053ea432116":{"type":"pagefly-section","settings":{"section_id":"pf-dd01e33a"}},"594d7bd6-538c-4169-b263-7266912f02d5":{"type":"pagefly-section","settings":{"section_id":"pf-c52849c9"}}},"order":["sidebar","pf-7f5eaaed","5529c35f-0eab-4cbd-89ee-df31c7a12e9e","786b6608-90f2-45b3-a871-ed14434ff9c2","0b11d433-e448-4b3e-a4ec-e367fc4e9d96","f4e0b606-c3cd-4ad2-82f9-c028af16af4d","7968cad1-45d7-4ace-8dd5-ef3b9667d6a8","dbd28b36-866f-42db-a50a-12045282da61","348237a8-dce2-49e4-8a9a-884566d280b8","0bd7eb3b-ac4a-4acc-8309-7b1b46734097","26b9b15f-f1c1-4107-85ab-9bb34b40f8f0","c2882a13-dece-4eeb-9113-18daa7ea2468","e7bc39a5-6ea6-4b6c-ad6e-7053ea432116","594d7bd6-538c-4169-b263-7266912f02d5"]}