{"wrapper":"div.shopify-section-wrapper.section","sections":{"sidebar":{"type":"product-sidebar","settings":{"toggle":false}},"pf-4d734fb9":{"type":"pf-4d734fb9","settings":{}},"a4124906-67eb-4e3e-b7ed-cd6911b14540":{"type":"pagefly-section","settings":{"section_id":"pf-2d34d5a5"}},"f29b1b73-9279-4976-a7ca-46bc7bd13c49":{"type":"pagefly-section","settings":{"section_id":"pf-c375982d"}},"f4eca1e8-4073-43d5-9c2b-98df7397ea5d":{"type":"pagefly-section","settings":{"section_id":"pf-7221c11b"}},"1c42ac13-e0b9-425d-b356-e55d1cad70c8":{"type":"pagefly-section","settings":{"section_id":"pf-1427a94e"}},"f04790af-c6d3-47aa-8d4b-04b53dddaf65":{"type":"pagefly-section","settings":{"section_id":"pf-dd01e33a"}},"45e207d9-beaf-4f32-b2f1-c95e8e381577":{"type":"pagefly-section","settings":{"section_id":"pf-c52849c9"}}},"order":["sidebar","pf-4d734fb9","a4124906-67eb-4e3e-b7ed-cd6911b14540","f29b1b73-9279-4976-a7ca-46bc7bd13c49","f4eca1e8-4073-43d5-9c2b-98df7397ea5d","1c42ac13-e0b9-425d-b356-e55d1cad70c8","f04790af-c6d3-47aa-8d4b-04b53dddaf65","45e207d9-beaf-4f32-b2f1-c95e8e381577"]}