{"wrapper":"div.shopify-section-wrapper.section","sections":{"sidebar":{"type":"product-sidebar","settings":{"toggle":false}},"pf-45406337":{"type":"pf-45406337","settings":{}},"c558ea83-a573-4699-b397-152533d7b76d":{"type":"pagefly-section","settings":{"section_id":"pf-2d34d5a5"}},"a247db55-836d-4f98-8946-93c8deba4ba1":{"type":"pagefly-section","settings":{"section_id":"pf-c375982d"}},"9ba30099-77a3-4fce-86e6-c9b2a9ebfcdc":{"type":"pagefly-section","settings":{"section_id":"pf-076acfa4"}},"b0e631a6-ff26-4255-89fc-c80d414c3520":{"type":"pagefly-section","settings":{"section_id":"pf-7221c11b"}},"12a5677a-0ece-4598-bef9-36a48c6a5ea4":{"type":"pagefly-section","settings":{"section_id":"pf-1427a94e"}},"05d462e9-e274-436f-89a5-bfcc700dab89":{"type":"pagefly-section","settings":{"section_id":"pf-dd01e33a"}},"129e0d6d-e630-4588-a398-4932a0cc9c97":{"type":"pagefly-section","settings":{"section_id":"pf-c52849c9"}}},"order":["sidebar","pf-45406337","c558ea83-a573-4699-b397-152533d7b76d","a247db55-836d-4f98-8946-93c8deba4ba1","9ba30099-77a3-4fce-86e6-c9b2a9ebfcdc","b0e631a6-ff26-4255-89fc-c80d414c3520","12a5677a-0ece-4598-bef9-36a48c6a5ea4","05d462e9-e274-436f-89a5-bfcc700dab89","129e0d6d-e630-4588-a398-4932a0cc9c97"]}