{"wrapper":"div.shopify-section-wrapper.section","sections":{"sidebar":{"type":"product-sidebar","settings":{"toggle":false}},"pf-358f76f4":{"type":"pf-358f76f4","settings":{}},"9d8a5181-944e-4641-b98b-86ea640ffbdf":{"type":"pagefly-section","settings":{"section_id":"pf-7c0f91e3"}},"a7a64542-539f-4495-abf9-8e59bff49bc5":{"type":"pagefly-section","settings":{"section_id":"pf-da11889c"}},"2f842cd8-2a35-4fef-893f-a4055b6f7dcc":{"type":"pagefly-section","settings":{"section_id":"pf-93a66985"}},"731944c4-012e-4ca8-93f0-c6f8cbe1dbcd":{"type":"pagefly-section","settings":{"section_id":"pf-cb7605e4"}},"b13283c8-feb4-47be-9d62-24417bfdb550":{"type":"pagefly-section","settings":{"section_id":"pf-2d34d5a5"}},"db88dee4-2a3c-4e25-ad15-68126b8f2ee4":{"type":"pagefly-section","settings":{"section_id":"pf-b53d12be"}},"59dadedb-c6ef-46e4-a88e-ecedc859c545":{"type":"pagefly-section","settings":{"section_id":"pf-c375982d"}},"e87ebd31-660b-4888-a553-17ff22a14eb1":{"type":"pagefly-section","settings":{"section_id":"pf-7221c11b"}},"56e1d7e6-bdac-4bfa-8bb0-401affff0634":{"type":"pagefly-section","settings":{"section_id":"pf-1f6713a6"}},"9d5123bc-4b2a-417f-94e6-eb1faf65b8fb":{"type":"pagefly-section","settings":{"section_id":"pf-1427a94e"}},"5ac50b00-e909-4312-934b-badbcf247168":{"type":"pagefly-section","settings":{"section_id":"pf-dd01e33a"}},"fea83950-3408-49bf-a146-7950feb1392b":{"type":"pagefly-section","settings":{"section_id":"pf-c52849c9"}}},"order":["sidebar","pf-358f76f4","9d8a5181-944e-4641-b98b-86ea640ffbdf","a7a64542-539f-4495-abf9-8e59bff49bc5","2f842cd8-2a35-4fef-893f-a4055b6f7dcc","731944c4-012e-4ca8-93f0-c6f8cbe1dbcd","b13283c8-feb4-47be-9d62-24417bfdb550","db88dee4-2a3c-4e25-ad15-68126b8f2ee4","59dadedb-c6ef-46e4-a88e-ecedc859c545","e87ebd31-660b-4888-a553-17ff22a14eb1","56e1d7e6-bdac-4bfa-8bb0-401affff0634","9d5123bc-4b2a-417f-94e6-eb1faf65b8fb","5ac50b00-e909-4312-934b-badbcf247168","fea83950-3408-49bf-a146-7950feb1392b"]}