{"wrapper":"div.shopify-section-wrapper.section","sections":{"sidebar":{"type":"product-sidebar","settings":{"toggle":false}},"pf-4f4ee4d6":{"type":"pf-4f4ee4d6","settings":{}},"1db5ada8-2b2b-408b-80e5-d8ae7d84021b":{"type":"pagefly-section","settings":{"section_id":"pf-7c0f91e3"}},"1ec8fac3-395d-4255-a916-81c878546a78":{"type":"pagefly-section","settings":{"section_id":"pf-da11889c"}},"733beece-50f3-4519-951f-b21233e5a649":{"type":"pagefly-section","settings":{"section_id":"pf-93a66985"}},"fc0dca8f-07bd-496d-9041-d23339ee0039":{"type":"pagefly-section","settings":{"section_id":"pf-cb7605e4"}},"ef74915b-742f-411e-877c-edcb7eac7aa6":{"type":"pagefly-section","settings":{"section_id":"pf-2d34d5a5"}},"3bcf6421-0cc4-4206-9cd5-91b117a6afc0":{"type":"pagefly-section","settings":{"section_id":"pf-e7ae7137"}},"25b54710-d6e4-4f89-9e62-00206904c3f7":{"type":"pagefly-section","settings":{"section_id":"pf-c375982d"}},"5af2940a-ea3b-4ebf-825e-889a943272b2":{"type":"pagefly-section","settings":{"section_id":"pf-7221c11b"}},"02cd4f17-650f-4644-a7fb-2241daa7100e":{"type":"pagefly-section","settings":{"section_id":"pf-fd38530e"}},"9c11390c-5698-4cd3-8adc-6c9a995e6c3c":{"type":"pagefly-section","settings":{"section_id":"pf-1427a94e"}},"a8c89028-88c6-4015-b0ef-9cf58004a5c0":{"type":"pagefly-section","settings":{"section_id":"pf-dd01e33a"}},"eb471e72-2bf2-4b21-8f69-ce03ad9b2ff2":{"type":"pagefly-section","settings":{"section_id":"pf-c52849c9"}}},"order":["sidebar","pf-4f4ee4d6","1db5ada8-2b2b-408b-80e5-d8ae7d84021b","1ec8fac3-395d-4255-a916-81c878546a78","733beece-50f3-4519-951f-b21233e5a649","fc0dca8f-07bd-496d-9041-d23339ee0039","ef74915b-742f-411e-877c-edcb7eac7aa6","3bcf6421-0cc4-4206-9cd5-91b117a6afc0","25b54710-d6e4-4f89-9e62-00206904c3f7","5af2940a-ea3b-4ebf-825e-889a943272b2","02cd4f17-650f-4644-a7fb-2241daa7100e","9c11390c-5698-4cd3-8adc-6c9a995e6c3c","a8c89028-88c6-4015-b0ef-9cf58004a5c0","eb471e72-2bf2-4b21-8f69-ce03ad9b2ff2"]}