{"wrapper":"div.shopify-section-wrapper.section","sections":{"sidebar":{"type":"product-sidebar","disabled":true,"settings":{"toggle":false}},"main":{"type":"product-template","blocks":{"title":{"type":"title","settings":{}},"price":{"type":"price","settings":{"display_savings":true}},"description":{"type":"description","settings":{}},"form":{"type":"form","settings":{}},"share":{"type":"share","settings":{}}},"block_order":["title","price","description","form","share"],"disabled":true,"settings":{"product_breadcrumb":false,"media_position":"is-flex-row","set_product_height":false,"product_height":500,"video_looping":false,"product_thumbs":true,"gallery_arrows":true,"enable_product_lightbox":true,"activate_zoom":true,"slideshow_speed":0,"slideshow_animation":"slide","thumbnail_position":"bottom","enable_thumbnail_slider":true}},"recently-viewed":{"type":"recently-viewed","disabled":true,"settings":{"rv_title":"Recently viewed products","rv_products_style":"grid","rv_max_display":6,"rv_per":4,"css_class":"","custom_css":""}},"recommendations":{"type":"product-recommendations","disabled":true,"settings":{"show_product_recommendations":true,"product_recommendations_style":"grid","product_recommendations_heading":"You may also like","products_per_row":3,"recommended_products_limit":4}},"pf-9f19f8b5":{"type":"pf-9f19f8b5","settings":{}},"0061d279-2103-45d2-b432-fc3240930281":{"type":"pagefly-section","settings":{"section_id":"pf-2d34d5a5"}},"bbd4731f-9767-4845-96b9-4e11a4517ee0":{"type":"pagefly-section","settings":{"section_id":"pf-076acfa4"}},"2b2817bb-5f97-4014-937a-52647170ec6f":{"type":"pagefly-section","settings":{"section_id":"pf-c375982d"}},"d38e9cc7-fead-4238-ba69-a720f75b2909":{"type":"pagefly-section","settings":{"section_id":"pf-e7ae7137"}},"2e5e7c30-aa1a-44f7-8c17-85bfeb0e029a":{"type":"pagefly-section","settings":{"section_id":"pf-7221c11b"}},"c87f8614-68dd-41f7-bdb1-6468a0a86721":{"type":"pagefly-section","settings":{"section_id":"pf-fd38530e"}},"253a3d4c-7584-4514-b1c9-cf7d109686a8":{"type":"pagefly-section","settings":{"section_id":"pf-1427a94e"}},"04b1f3b3-1a5e-497f-a799-ba7c8fa7162c":{"type":"pagefly-section","settings":{"section_id":"pf-dd01e33a"}},"9c8d3a3e-d253-40f3-8f9e-7504845f56a2":{"type":"pagefly-section","settings":{"section_id":"pf-c52849c9"}}},"order":["sidebar","main","recently-viewed","recommendations","pf-9f19f8b5","0061d279-2103-45d2-b432-fc3240930281","bbd4731f-9767-4845-96b9-4e11a4517ee0","2b2817bb-5f97-4014-937a-52647170ec6f","d38e9cc7-fead-4238-ba69-a720f75b2909","2e5e7c30-aa1a-44f7-8c17-85bfeb0e029a","c87f8614-68dd-41f7-bdb1-6468a0a86721","253a3d4c-7584-4514-b1c9-cf7d109686a8","04b1f3b3-1a5e-497f-a799-ba7c8fa7162c","9c8d3a3e-d253-40f3-8f9e-7504845f56a2"]}