{"wrapper":"div.shopify-section-wrapper.section","sections":{"sidebar":{"type":"product-sidebar","settings":{"toggle":false}},"pf-d931bfca":{"type":"pf-d931bfca","settings":{}},"adf1b915-808a-4b72-9bf5-072233453d78":{"type":"pagefly-section","settings":{"section_id":"pf-2d34d5a5"}},"e34459f6-968a-4dd7-9e4c-df996c98a5d4":{"type":"pagefly-section","settings":{"section_id":"pf-c375982d"}},"a3bb20e6-8de8-4291-a6e9-76d686fed09c":{"type":"pagefly-section","disabled":true,"settings":{"section_id":"pf-076acfa4"}},"e0d81f44-02be-4b69-83ab-ea766d658ece":{"type":"pagefly-section","settings":{"section_id":"pf-7221c11b"}},"d347742f-0294-44a6-9ae9-70d1f1c13071":{"type":"pagefly-section","settings":{"section_id":"pf-1427a94e"}},"0c28cd8d-46c3-4a58-af73-448a2fb7ccfc":{"type":"pagefly-section","settings":{"section_id":"pf-dd01e33a"}},"ebdcbc32-c36a-433a-afc5-aeeb240a24f8":{"type":"pagefly-section","settings":{"section_id":"pf-c52849c9"}}},"order":["sidebar","pf-d931bfca","adf1b915-808a-4b72-9bf5-072233453d78","e34459f6-968a-4dd7-9e4c-df996c98a5d4","a3bb20e6-8de8-4291-a6e9-76d686fed09c","e0d81f44-02be-4b69-83ab-ea766d658ece","d347742f-0294-44a6-9ae9-70d1f1c13071","0c28cd8d-46c3-4a58-af73-448a2fb7ccfc","ebdcbc32-c36a-433a-afc5-aeeb240a24f8"]}