{"wrapper":"div.shopify-section-wrapper.section","sections":{"sidebar":{"type":"product-sidebar","disabled":true,"settings":{"toggle":false}},"main":{"type":"product-template","blocks":{"title":{"type":"title","settings":{}},"price":{"type":"price","settings":{"display_savings":true}},"description":{"type":"description","settings":{}},"form":{"type":"form","settings":{}},"share":{"type":"share","settings":{}}},"block_order":["title","price","description","form","share"],"disabled":true,"settings":{"product_breadcrumb":false,"media_position":"is-flex-row","set_product_height":false,"product_height":500,"video_looping":false,"product_thumbs":true,"gallery_arrows":true,"enable_product_lightbox":true,"activate_zoom":true,"slideshow_speed":0,"slideshow_animation":"slide","thumbnail_position":"bottom","enable_thumbnail_slider":true}},"recently-viewed":{"type":"recently-viewed","disabled":true,"settings":{"rv_title":"Recently viewed products","rv_products_style":"grid","rv_max_display":6,"rv_per":4,"css_class":"","custom_css":""}},"recommendations":{"type":"product-recommendations","disabled":true,"settings":{"show_product_recommendations":true,"product_recommendations_style":"grid","product_recommendations_heading":"You may also like","products_per_row":3,"recommended_products_limit":4}},"pf-5c128273":{"type":"pf-5c128273","settings":{}},"ca24b4f1-1ac7-44e7-a441-e6c842826a8f":{"type":"pagefly-section","settings":{"section_id":"pf-2d34d5a5"}},"ee0bc251-a109-4c07-adf7-958003c64a49":{"type":"pagefly-section","settings":{"section_id":"pf-076acfa4"}},"9dd985d7-ec6e-4b7c-a9cc-02e4305a99bd":{"type":"pagefly-section","settings":{"section_id":"pf-c375982d"}},"c011651e-8c6d-4552-880c-a47a4b291c30":{"type":"pagefly-section","settings":{"section_id":"pf-b53d12be"}},"0e44ac2a-173a-41a0-878b-fdc376cf4a54":{"type":"pagefly-section","settings":{"section_id":"pf-7221c11b"}},"c2eabd1e-9c49-4176-a784-1eb2fd42aeb2":{"type":"pagefly-section","settings":{"section_id":"pf-fd38530e"}},"b64dd603-f803-4c4b-a39d-cd4dfaa85f8d":{"type":"pagefly-section","settings":{"section_id":"pf-1427a94e"}},"e862a32b-3997-41de-aeb0-43e32d4fd4ff":{"type":"pagefly-section","settings":{"section_id":"pf-dd01e33a"}},"bcbb869a-cbab-441a-ad8e-40b5ad2156d7":{"type":"pagefly-section","settings":{"section_id":"pf-c52849c9"}}},"order":["sidebar","main","recently-viewed","recommendations","pf-5c128273","ca24b4f1-1ac7-44e7-a441-e6c842826a8f","ee0bc251-a109-4c07-adf7-958003c64a49","9dd985d7-ec6e-4b7c-a9cc-02e4305a99bd","c011651e-8c6d-4552-880c-a47a4b291c30","0e44ac2a-173a-41a0-878b-fdc376cf4a54","c2eabd1e-9c49-4176-a784-1eb2fd42aeb2","b64dd603-f803-4c4b-a39d-cd4dfaa85f8d","e862a32b-3997-41de-aeb0-43e32d4fd4ff","bcbb869a-cbab-441a-ad8e-40b5ad2156d7"]}