{"wrapper":"div.shopify-section-wrapper.section","sections":{"sidebar":{"type":"product-sidebar","disabled":true,"settings":{"toggle":false}},"main":{"type":"product-template","blocks":{"title":{"type":"title","settings":{}},"price":{"type":"price","settings":{"display_savings":true}},"description":{"type":"description","settings":{}},"form":{"type":"form","settings":{}},"share":{"type":"share","settings":{}}},"block_order":["title","price","description","form","share"],"disabled":true,"settings":{"product_breadcrumb":false,"media_position":"is-flex-row","set_product_height":false,"product_height":500,"video_looping":false,"product_thumbs":true,"gallery_arrows":true,"enable_product_lightbox":true,"activate_zoom":true,"slideshow_speed":0,"slideshow_animation":"slide","thumbnail_position":"bottom","enable_thumbnail_slider":true}},"recently-viewed":{"type":"recently-viewed","disabled":true,"settings":{"rv_title":"Recently viewed products","rv_products_style":"grid","rv_max_display":6,"rv_per":4,"css_class":"","custom_css":""}},"recommendations":{"type":"product-recommendations","disabled":true,"settings":{"show_product_recommendations":true,"product_recommendations_style":"grid","product_recommendations_heading":"You may also like","products_per_row":3,"recommended_products_limit":4}},"pf-c1f43399":{"type":"pf-c1f43399","settings":{}},"0a16501c-dab5-4ad2-bc2d-8117e608cbae":{"type":"pagefly-section","settings":{"section_id":"pf-f64dea51"}},"fbdfc5af-33bc-4118-a505-8d0f2c926c7b":{"type":"pagefly-section","settings":{"section_id":"pf-da11889c"}},"9e65d11c-a07f-4ca1-b466-3630c0f9acc3":{"type":"pagefly-section","settings":{"section_id":"pf-93a66985"}},"7ea09e78-4fbb-470f-b734-55130df18d8d":{"type":"pagefly-section","settings":{"section_id":"pf-cb7605e4"}},"5f3c297e-41d1-47fe-b2a2-b7404b1fd16b":{"type":"pagefly-section","settings":{"section_id":"pf-2d34d5a5"}},"2a295aba-6760-4693-9b54-fab8cfb9310a":{"type":"pagefly-section","settings":{"section_id":"pf-e7ae7137"}},"db20a771-be04-42a0-8aa8-1b05c4fb7457":{"type":"pagefly-section","settings":{"section_id":"pf-c375982d"}},"94b71e8e-2ac7-4b14-b1c1-af3ceaa2f81b":{"type":"pagefly-section","settings":{"section_id":"pf-7221c11b"}},"23bb8157-cc44-4ca0-b91b-62883f68fd21":{"type":"pagefly-section","settings":{"section_id":"pf-fd38530e"}},"b7f5f05e-77d4-4f2b-a5b1-5c2484572915":{"type":"pagefly-section","settings":{"section_id":"pf-1427a94e"}},"30d6ca76-7380-4d03-9eed-c5783b3d470d":{"type":"pagefly-section","settings":{"section_id":"pf-dd01e33a"}},"f45b6f97-2c2d-4a28-b32f-6f46bccedb4f":{"type":"pagefly-section","settings":{"section_id":"pf-c52849c9"}}},"order":["sidebar","main","recently-viewed","recommendations","pf-c1f43399","0a16501c-dab5-4ad2-bc2d-8117e608cbae","fbdfc5af-33bc-4118-a505-8d0f2c926c7b","9e65d11c-a07f-4ca1-b466-3630c0f9acc3","7ea09e78-4fbb-470f-b734-55130df18d8d","5f3c297e-41d1-47fe-b2a2-b7404b1fd16b","2a295aba-6760-4693-9b54-fab8cfb9310a","db20a771-be04-42a0-8aa8-1b05c4fb7457","94b71e8e-2ac7-4b14-b1c1-af3ceaa2f81b","23bb8157-cc44-4ca0-b91b-62883f68fd21","b7f5f05e-77d4-4f2b-a5b1-5c2484572915","30d6ca76-7380-4d03-9eed-c5783b3d470d","f45b6f97-2c2d-4a28-b32f-6f46bccedb4f"]}