{"wrapper":"div.shopify-section-wrapper.section","sections":{"sidebar":{"type":"product-sidebar","settings":{"toggle":false}},"pf-ee043383":{"type":"pf-ee043383","settings":{}},"2df85bf1-73d6-4408-90f4-a44b58e8154f":{"type":"pagefly-section","settings":{"section_id":"pf-e99d1286"}},"c14de695-54f5-4c92-b1b7-3e90d76d9a38":{"type":"pagefly-section","settings":{"section_id":"pf-da11889c"}},"9b005834-a049-4d56-8a92-6f4b06d93c00":{"type":"pagefly-section","settings":{"section_id":"pf-93a66985"}},"d8bb1c10-e131-435c-a02e-88ff9c91a80f":{"type":"pagefly-section","settings":{"section_id":"pf-cb7605e4"}},"ffaa5a36-a5a8-4e2a-8ed6-3c06c8bcf130":{"type":"pagefly-section","settings":{"section_id":"pf-2d34d5a5"}},"361d53fc-d9aa-4c88-874e-4f090e67701d":{"type":"pagefly-section","settings":{"section_id":"pf-b53d12be"}},"9897cc4e-d56c-4cdc-80c1-1febd09da42a":{"type":"pagefly-section","settings":{"section_id":"pf-c375982d"}},"7871c464-c6ce-48bf-982e-dc3977be15ea":{"type":"pagefly-section","settings":{"section_id":"pf-7221c11b"}},"cb52dfb0-4216-4375-a02a-fd76b93f8bd9":{"type":"pagefly-section","settings":{"section_id":"pf-fd38530e"}},"4821daad-43c8-4243-b297-826c93134879":{"type":"pagefly-section","settings":{"section_id":"pf-1427a94e"}},"5e51e1d1-6778-47de-a143-ee1ef609c915":{"type":"pagefly-section","settings":{"section_id":"pf-dd01e33a"}},"955b0854-e465-42dd-83d0-b94b6c14e6f8":{"type":"pagefly-section","settings":{"section_id":"pf-c52849c9"}}},"order":["sidebar","pf-ee043383","2df85bf1-73d6-4408-90f4-a44b58e8154f","c14de695-54f5-4c92-b1b7-3e90d76d9a38","9b005834-a049-4d56-8a92-6f4b06d93c00","d8bb1c10-e131-435c-a02e-88ff9c91a80f","ffaa5a36-a5a8-4e2a-8ed6-3c06c8bcf130","361d53fc-d9aa-4c88-874e-4f090e67701d","9897cc4e-d56c-4cdc-80c1-1febd09da42a","7871c464-c6ce-48bf-982e-dc3977be15ea","cb52dfb0-4216-4375-a02a-fd76b93f8bd9","4821daad-43c8-4243-b297-826c93134879","5e51e1d1-6778-47de-a143-ee1ef609c915","955b0854-e465-42dd-83d0-b94b6c14e6f8"]}