{"wrapper":"div.shopify-section-wrapper.section","sections":{"sidebar":{"type":"product-sidebar","disabled":true,"settings":{"toggle":false}},"main":{"type":"product-template","blocks":{"title":{"type":"title","settings":{}},"price":{"type":"price","settings":{"display_savings":true}},"description":{"type":"description","settings":{}},"form":{"type":"form","settings":{}},"share":{"type":"share","settings":{}}},"block_order":["title","price","description","form","share"],"disabled":true,"settings":{"product_breadcrumb":false,"media_position":"is-flex-row","set_product_height":false,"product_height":500,"video_looping":false,"product_thumbs":true,"gallery_arrows":true,"enable_product_lightbox":true,"activate_zoom":true,"slideshow_speed":0,"slideshow_animation":"slide","thumbnail_position":"bottom","enable_thumbnail_slider":true}},"recently-viewed":{"type":"recently-viewed","disabled":true,"settings":{"rv_title":"Recently viewed products","rv_products_style":"grid","rv_max_display":6,"rv_per":4,"css_class":"","custom_css":""}},"recommendations":{"type":"product-recommendations","disabled":true,"settings":{"show_product_recommendations":true,"product_recommendations_style":"grid","product_recommendations_heading":"You may also like","products_per_row":3,"recommended_products_limit":4}},"pf-e9949253":{"type":"pf-e9949253","settings":{}},"b6167d22-1ac0-45a3-ad6c-5291efc5ca87":{"type":"pagefly-section","settings":{"section_id":"pf-f64dea51"}},"e2a72f46-88cd-4118-bde3-050750cdc757":{"type":"pagefly-section","settings":{"section_id":"pf-da11889c"}},"cf74ad4c-1ea4-49d0-bd43-88cc74108808":{"type":"pagefly-section","settings":{"section_id":"pf-93a66985"}},"c05b1d38-d41c-419d-84d1-3f56b5d0fd9a":{"type":"pagefly-section","settings":{"section_id":"pf-cb7605e4"}},"8b1d398b-dfa5-4a0f-a31b-3acbed8902e1":{"type":"pagefly-section","settings":{"section_id":"pf-2d34d5a5"}},"b0525a25-cf40-41e0-be45-7082cd56d990":{"type":"pagefly-section","settings":{"section_id":"pf-b53d12be"}},"d61689b0-0a9e-42c2-b143-8ece65424b73":{"type":"pagefly-section","settings":{"section_id":"pf-c375982d"}},"c80d2376-b96c-4210-98fb-a0cf0dbf68ac":{"type":"pagefly-section","settings":{"section_id":"pf-7221c11b"}},"dfa20d69-4387-44de-9ae8-27636b31f63d":{"type":"pagefly-section","settings":{"section_id":"pf-fd38530e"}},"e607a5be-648f-4c3c-9815-60da42aca513":{"type":"pagefly-section","settings":{"section_id":"pf-1427a94e"}},"cb0bf7e2-144b-4a85-b91f-1735eb4f0c54":{"type":"pagefly-section","settings":{"section_id":"pf-dd01e33a"}},"d368795b-b91c-4838-8bed-a86ecd2a2ded":{"type":"pagefly-section","settings":{"section_id":"pf-c52849c9"}}},"order":["sidebar","main","recently-viewed","recommendations","pf-e9949253","b6167d22-1ac0-45a3-ad6c-5291efc5ca87","e2a72f46-88cd-4118-bde3-050750cdc757","cf74ad4c-1ea4-49d0-bd43-88cc74108808","c05b1d38-d41c-419d-84d1-3f56b5d0fd9a","8b1d398b-dfa5-4a0f-a31b-3acbed8902e1","b0525a25-cf40-41e0-be45-7082cd56d990","d61689b0-0a9e-42c2-b143-8ece65424b73","c80d2376-b96c-4210-98fb-a0cf0dbf68ac","dfa20d69-4387-44de-9ae8-27636b31f63d","e607a5be-648f-4c3c-9815-60da42aca513","cb0bf7e2-144b-4a85-b91f-1735eb4f0c54","d368795b-b91c-4838-8bed-a86ecd2a2ded"]}