{"wrapper":"div.shopify-section-wrapper.section","sections":{"sidebar":{"type":"product-sidebar","disabled":true,"settings":{"toggle":false}},"main":{"type":"product-template","blocks":{"title":{"type":"title","settings":{}},"price":{"type":"price","settings":{"display_savings":true}},"description":{"type":"description","settings":{}},"form":{"type":"form","settings":{}},"share":{"type":"share","settings":{}}},"block_order":["title","price","description","form","share"],"disabled":true,"settings":{"product_breadcrumb":false,"media_position":"is-flex-row","set_product_height":false,"product_height":500,"video_looping":false,"product_thumbs":true,"gallery_arrows":true,"enable_product_lightbox":true,"activate_zoom":true,"slideshow_speed":0,"slideshow_animation":"slide","thumbnail_position":"bottom","enable_thumbnail_slider":true}},"recently-viewed":{"type":"recently-viewed","disabled":true,"settings":{"rv_title":"Recently viewed products","rv_products_style":"grid","rv_max_display":6,"rv_per":4,"css_class":"","custom_css":""}},"recommendations":{"type":"product-recommendations","disabled":true,"settings":{"show_product_recommendations":true,"product_recommendations_style":"grid","product_recommendations_heading":"You may also like","products_per_row":3,"recommended_products_limit":4}},"pf-88ce017e":{"type":"pf-88ce017e","settings":{}}},"order":["sidebar","main","recently-viewed","recommendations","pf-88ce017e"]}