{"wrapper":"div.shopify-section-wrapper.section","sections":{"sidebar":{"type":"product-sidebar","settings":{}},"main":{"type":"product-template","blocks":{"title":{"type":"title","settings":{}},"price":{"type":"price","settings":{}},"description":{"type":"description","settings":{}},"form":{"type":"form","settings":{}},"share":{"type":"share","settings":{}}},"block_order":["title","price","description","form","share"],"settings":{}},"recently-viewed":{"type":"recently-viewed","settings":{}},"recommendations":{"type":"product-recommendations","settings":{"show_product_recommendations":true}}},"order":["sidebar","main","recently-viewed","recommendations"]}