{"current":{"GTM_id":"GTM-P9PWRFM","campaign_state":"lead-generation","enable_smooth_scroll":false,"cart_drawer_pagefly_fix":false,"random_purchase_shower":false,"rs_prod_image":"shopify:\/\/shop_images\/IMG_9541-Edit.png","rs_background_color":"#03a196","rs_copy_color":"#ffffff","rs_frequency_bottom":"5","rs_frequency_top":"8","rs_stay_time":"10","percentage_off_discount":"10% off","mail_service":"klaviyo","mailchimp_link_for_signup":"","redirect_after_signup_page":"","klaviyo_public_api_key":"","klaviyo_embed_form_id":"R8VWmE","pre_footer_signup":false,"show_progress_bar":false,"collect_phone_number_signup":false,"mail_suggest_script":false,"eipEnabled":false,"eip_testing_mode":false,"rf_eip_show_it_asap":"yes","rf_eip_show_it_again":"session","rf_eip_cookie_showit_anyway_after":"30","rf_eip_desktop_width":"100%","rf_eip_desktop_height":"100%","performance":"ludicrous","image_loading_style":"color","logo_color":"#ffffff","regular_color":"#333333","headline_color":"#333333","headline_footer_text_color":"#7f8c8d","sub_footer_text_color":"#ffffff","sale_color":"#c92518","was_price_color":"#8c8b8b","promo_text_color":"#333333","shop_home_page_content_text_color":"#363636","newsletter_popup_color":"#363636","newsletter_section_color":"#000000","top_bar_color":"#ff3c3a","top_bar_color_hover":"#ff3c3a","nav_color":"#8c8b8b","nav_color_home":"#8c8b8b","nav_color_hover":"#8c8b8b","link_color":"#03a196","link_hover_color":"#03857c","sidebar_nav_color":"#363636","sidebar_nav_color_hover":"#03a196","sub_footer_link_color":"#ffffff","sub_footer_link_color_hover":"#ffffff","btn_color":"#d92a1c","btn_hover_color":"#c92518","btn_text_color":"#ffffff","button_style":"rounded","read_more_style":"button","banner_button_color":"#ffffff","banner_color":"#ffffff","banner_background_color":"#1e1e1e","table_styles_enabled":true,"slideshow_arrow_size":"light","arrow_color":"#333333","slideshow_button_style":false,"border_color":"#cccccc","headline_border_color":"#aaaaaa","headline_border":"1","divider_style":"solid","sub_footer_border_color":"#1b1f23","sale_banner_color":"#d54d4d","new_banner_color":"#03a196","sticker_style":"square","search_section_color":"#000000","search_section_bg_color":"#cccccc","testimonial_color":"#ffffff","testimonial_bg_color":"#666666","modal_background_color":"#ffffff","shop_bg_color":"#ffffff","repeat_bg":"repeat","bg_fixed":false,"bg_stretched":false,"top_bar_bg_color":"#ffffff","top_bar_cart_bg_color":"#da291c","minicart_bg_color":"#363636","header_bg_color":"#1b1f23","header_background":true,"transparent_header":true,"promo_bg_color":"#f2f2f2","shop_home_page_content_bg_color":"#f6f7f9","featured_links_background":"#ffffff","sub_footer_color":"#1b1f23","footer_bg":"","footer_bg_stretched":false,"newsletter_popup_background_color":"#ffffff","newsletter_section_background_color":"#cccccc","password_page_text_color":"#ffffff","password_page_background_color":"#000000","logo__font":"work_sans_n4","logo_font_style":"uppercase","logo_font_size":20,"top_bar_font_size":12,"top_bar_letter_spacing":1,"nav__font":"work_sans_n4","nav_font_style":"uppercase","nav_font_size":14,"nav_letter_spacing":1,"nav_shadow":false,"button_weight":"normal","button_font_style":"uppercase","button_font_size":14,"headline__font":"work_sans_n4","headline_font_style":"uppercase","headline_font_size":30,"headline_letter_spacing":2,"slideshow_headline__font":"work_sans_n4","slideshow_headline_font_style":"uppercase","slideshow_headline_size":56,"slideshow_subtitle__font":"work_sans_n4","slideshow_subtitle_font_style":"uppercase","slideshow_subtitle_size":18,"slideshow_subtitle_letter_spacing":1,"slideshow_shadow":false,"regular__font":"work_sans_n4","regular_font_style":"none","regular_font_size":15,"footer_font_size":13,"mega_menu_1":false,"search_option":"product","product_form_style":"radio","display_product_quantity":true,"display_inventory_left":false,"notify_me_form":true,"enable_shopify_review_comments":false,"enable_shopify_collection_badges":false,"display_vendor":false,"collection_swatches":true,"sale_banner_enabled":true,"thumbnail_hover_enabled":false,"mobile_products_per_row":"2","pagination_type":"load_more","free_price_text":"Free","collection_secondary_image":true,"align_height":true,"collection_height":250,"quick_shop_enabled":false,"cart_action":"redirect_cart","display_tos_checkbox":false,"tos_page":"","go_to_checkout":true,"display_special_instructions":false,"cart_message":"","show_shipping_calculator":false,"shipping_calculator_default_country":"United States","currency_format":"money_format","supported_currencies":"USD CAD AUD GBP EUR JPY","default_currency":"USD","mailchimp_link":"","secondary_newsletter_banner":false,"newsletter_popup":false,"newsletter_popup_form":true,"display_first_name":false,"display_last_name":false,"use_newsletter_border":false,"newsletter_bg":"","newsletter_popup_image_align":"left","newsletter_popup_title":"Sign up today","newsletter_popup_text":"<p><\/p>","newsletter_popup_text_align":"center","newsletter_popup_seconds":0,"newsletter_popup_days":"14","twitter_link":"","facebook_link":"https:\/\/www.facebook.com\/theairhood","youtube_link":"","vimeo_link":"","pinterest_link":"https:\/\/www.pinterest.com\/theairhood\/","tumblr_link":"","instagram_link":"https:\/\/www.instagram.com\/theairhood\/","snapchat_link":"","houzz_link":"","linkedin_link":"","email_link":"","favicon":"shopify:\/\/shop_images\/favicon.png","disqus_enabled":false,"disqus_shortname":"","banner_url":"shopify:\/\/pages\/warranty-policy","oil_upsell_heading":"<p>Limited Time Offer: Get <strong>50% off<\/strong>  Oil Filter Add-on<\/p>","oil_upsell_description":"<p>Fights grease buildup with durable 3-layer stainless-steel mesh.<\/p>","checkout_logo_image":"shopify:\/\/shop_images\/20230925_AirHood_Shopify_Check-Out_Image.png","checkout_logo_position":"center","checkout_logo_size":"large","checkout_accent_color":"#d92a1c","checkout_button_color":"#d92a1c","sections":{"header":{"type":"header","settings":{"promo_text":"","social_icons_header":false,"phone_number":"","top_bar_menu":"","show_cart":false,"cart_icon":"cart","show_locale_selector":false,"show_currency_selector":false,"logo_display_width":170,"main_linklist":"","main_linklist2":"join-wailtlist","vertical_menu":false,"dropdown_click":false,"search_enabled":false,"fixed_header":true,"logo_position":"left","logo_alignment":"left","menu_position":"inline","menu_alignment":"align_right"}},"footer":{"type":"footer","blocks":{"footer-0":{"type":"logo","settings":{"text_align":"left","social_icons_footer":false}},"footer-1":{"type":"link_list","settings":{"menu":"footer","social_icons_footer":false}},"footer-2":{"type":"link_list","settings":{"menu":"","social_icons_footer":false}},"footer-3":{"type":"text","settings":{"title":"Title","content":"<p>Use this text to share information about your brand with your customers.<\/p>","social_icons_footer":true}}},"block_order":["footer-0","footer-1","footer-2","footer-3"],"settings":{"copyright_text":"","display_designed_by":true,"display_payment_methods":true,"show_locale_selector":true,"show_currency_selector":true}},"lead-generation-header":{"type":"lead-generation-header","custom_css":["@media only screen and (max-width: 767px) {div.breadcrumb-collection {margin: 20px 0; padding-top: 80px !important; } .promo-banner__content {min-height: 70px; }}","@media only screen and (min-width: 767px) {.promo-banner__content {display: flex; justify-content: center; align-items: center; gap: 15px; } a.action_button.mobile {padding: 10px 40px !important; } .promo-banner {min-height: 50px; display: flex; }}",".menu-and-cta a.cta-button {display: none;}"],"settings":{"top_bar_menu":"","cta_text":"SHOP","cta_url":"shopify:\/\/collections\/airhood-shop","logo_display_width":205,"logo":"shopify:\/\/shop_images\/Group_28_1.png","hide_logo_on_desktop_homepage":true,"main_linklist":"main-menu"}},"lead-generation-footer":{"type":"lead-generation-footer","blocks":{"28a32589-5ad8-41d3-b27b-b87edcdc7b89":{"type":"link_list","settings":{"menu":"footer","social_icons_footer":false}},"4e2cf4ac-b832-4bd0-810c-4e2a40a3553f":{"type":"empty","settings":{"social_icons_footer":true}},"b8207e7a-f711-451a-923a-3d13c6462f9c":{"type":"text","settings":{"title":"","content":"<p>© 2023 AirHood<strong>™<\/strong>. All Rights Reserved.<\/p>","social_icons_footer":false}},"9f4e66bf-dfff-4208-933f-e66269f5f876":{"type":"empty","settings":{"social_icons_footer":false}}},"block_order":["28a32589-5ad8-41d3-b27b-b87edcdc7b89","4e2cf4ac-b832-4bd0-810c-4e2a40a3553f","b8207e7a-f711-451a-923a-3d13c6462f9c","9f4e66bf-dfff-4208-933f-e66269f5f876"],"custom_css":["footer {display: none;}"],"settings":{"copyright_text":"Web Design & Development by <a href=\"https:\/\/rainfactory.com\"><strong>Rainfactory Inc.<\/strong><\/a>","display_designed_by":false,"display_payment_methods":false,"footer_signup_id":"footer_email_capture","footer_form_heading":"Don’t Miss Out"}},"rf-eip":{"type":"rf-eip","blocks":{"rf-eip-0":{"type":"logo","settings":{"image":"shopify:\/\/shop_images\/Airhood_Desktop_Logo_d5c9b539-c1a6-491b-8410-7ece8a864208.png","text_align":"left","max_width_logo_desktop":"100%","max_width_logo_mobile":"100%"}},"rf-eip-1":{"type":"signup","settings":{"wide_display":true,"progress_bar":false,"progress_init_date":"2019-08-30","progress_percentage_init":"57","progress_max_percentage":"99","progress_campaign_duration":"20","progress_bar_color":"#007bff","progress_bar_height":"2","progress_left_text":"Limited spots left","progress_right_text":"%s Reserved","custom_form_id":"default_form_id","custom_klaviyo_list_id":"","newsletter_title":"AIRHOOD WILL BE IN STOCK SOON","newsletter_text":"<p>Sign up and be the first to get notified when AirHood is available.<\/p>","privacy_text":"<p>We respect your Privacy<\/p>","collect_phone_number":true,"btn_text":"Sign Up","newsletter_section_text_align":"center"}}},"block_order":["rf-eip-0","rf-eip-1"],"settings":{"font_color_main":"#000000","close_button_color":"#000000","bk_color_main_desktop":"#ffffff","bk_image_desktop":"shopify:\/\/shop_images\/exit-intent-bk-desktop.jpg","bk_image_position_desktop":"center","vertical_aligned_desktop":true,"bk_image_size_desktop":"cover","section_max_width_desktop":"100%","section_width_desktop":"100%","section_padding_top_desktop":"20px","section_padding_bottom_desktop":"20px","section_alignment_desktop":"center","bk_color_main_mobile":"#ffffff","bk_image_mobile":"shopify:\/\/shop_images\/Exit-Intent-Mobile.jpg","bk_image_position_mobile":"center","bk_image_size_mobile":"cover","section_max_width_mobile":"100%","section_padding_top_mobile":"20px","section_padding_bottom_mobile":"20px","section_alignment_mobile":"center"}},"newsletter":{"type":"newsletter","settings":{"wide_display":true,"display_first_name":false,"display_last_name":false,"newsletter_title":"Subscribe","newsletter_text":"<p>Sign up to get the latest on sales, new releases and more …<\/p>","newsletter_section_text_align":"center","css_class":"","custom_css":""}},"sign-up":{"type":"sign-up","settings":{"media_query_break":"769","wide_display":true,"bk_color":"","image_bk_desktop_position":"center","image_bk_desktop_size":"contain","form_max_width":"550px","custom_form_id":"default_form_id","custom_klaviyo_list_id":"","newsletter_title":"CROWDFUNDING SOON!","newsletter_title_color":"#000000","newsletter_text":"<p>Sign up now to access the launch-day deal of up to <strong>[percentageoff] off<\/strong>.<\/p>","privacy_text":"<p>We respect your privacy<\/p>","newsletter_section_text_align":"center","progress_bar":false,"progress_init_date":"2019-08-30","progress_percentage_init":"57","progress_max_percentage":"99","progress_campaign_duration":"20","progress_bar_color":"#007bff","progress_bar_height":"2","progress_left_text":"Limited spots left","progress_right_text":"%s Reserved"}},"announcement-bar-slider":{"type":"announcement-bar-slider","blocks":{"c0b0a8a5-b8da-4d6d-a920-0f84d52cd147":{"type":"announcement_bar","disabled":true,"settings":{"message":"10% off All Bundles","link":"https:\/\/theairhood.com\/collections\/airhood-shop","link_title":"Read More","background_color":"#f04222","font_color":"#ffffff","button_color":"rgba(0,0,0,0)","link_text_color":"#ffffff"}},"e499e814-bf78-4c9d-92be-17053c55e928":{"type":"announcement_bar","settings":{"message":"10% off for all bundle sets | FREE U.S. shipping over $25","link":"https:\/\/theairhood.com\/pages\/terms-of-service","link_title":"T&Cs apply","background_color":"#f04222","font_color":"#ffffff","button_color":"rgba(0,0,0,0)","link_text_color":"#ffffff"}},"96da8ce3-7c21-4bb9-91ce-9876f9757810":{"type":"announcement_bar","disabled":true,"settings":{"message":"Get $10 Off YOUR FIRST ORDER SIGN UP","link":"#signup-footer","link_title":"Read more","background_color":"#f04222","font_color":"#ffffff","button_color":"rgba(0,0,0,0)","link_text_color":"#ffffff"}},"39e8230a-04b4-4ac3-a61e-05bf3b2a548d":{"type":"announcement_bar","disabled":true,"settings":{"message":"FREE U.S. SHIPPING OVER $25","link":"","link_title":"","background_color":"#f04222","font_color":"#ffffff","button_color":"rgba(0,0,0,0)","link_text_color":"#ffffff"}}},"block_order":["c0b0a8a5-b8da-4d6d-a920-0f84d52cd147","e499e814-bf78-4c9d-92be-17053c55e928","96da8ce3-7c21-4bb9-91ce-9876f9757810","39e8230a-04b4-4ac3-a61e-05bf3b2a548d"],"settings":{}},"clean-kitchen-banner":{"type":"clean-kitchen-banner","settings":{"image":"shopify:\/\/shop_images\/side_6cdec7b5-32f4-4987-8e64-b4b9d2077bd9.jpg","image2":"shopify:\/\/shop_images\/Layer_1.png","description":"<p>We developed the AirHood to make clean cooking easy and attainable for everyone regardless of their space. Join us here at the Clean Kitchen Club where we share tips for a cleaner kitchen, curated cooking playlists and culinary experiences.<\/p>"}},"custom-newsletter":{"type":"custom-newsletter","settings":{"image":"shopify:\/\/shop_images\/bg12.png","description":"<p>Let’s make it official. Sign up for free and receive kitchen tips, new product updates and offers and stories from our growing cooking community.<\/p>"}},"kitchen-video-images":{"type":"kitchen-video-images","blocks":{"video_image_block_QUg4cJ":{"type":"video_image_block","settings":{"video_url":"","preview_video_url":"","image":"shopify:\/\/shop_images\/Heidi_with_AirHood_2_7.jpg"}},"video_image_block_Qbxb3V":{"type":"video_image_block","settings":{"video_url":"https:\/\/cdn.shopify.com\/videos\/c\/o\/v\/8d0d4ec9ce6f42cca149a048aa7da37e.mp4","preview_video_url":"https:\/\/cdn.shopify.com\/videos\/c\/o\/v\/b3981da07f6947799521136beed8cf15.mp4","image_thumbnail":"shopify:\/\/shop_images\/20240124_AirHood_UGC_001_1.jpg"}},"video_image_block_JQctU8":{"type":"video_image_block","settings":{"video_url":"","preview_video_url":"","image":"shopify:\/\/shop_images\/image_15_51cc5a84-f857-4413-9384-d190aa49f1ec.jpg"}},"video_image_block_wjrM7U":{"type":"video_image_block","settings":{"video_url":"https:\/\/cdn.shopify.com\/videos\/c\/o\/v\/86f253c440724c5fa3941fd3e2f18cbd.mp4","preview_video_url":"https:\/\/cdn.shopify.com\/videos\/c\/o\/v\/7d143fd6dbcc4cdbb2211c51670507cf.mp4","image_thumbnail":"shopify:\/\/shop_images\/20240124_AirHood_UGC_005_1_1.jpg"}},"video_image_block_AtfYAz":{"type":"video_image_block","settings":{"video_url":"https:\/\/cdn.shopify.com\/videos\/c\/o\/v\/469ca0b7c2e74a4fb6f632fe1c7b4a29.mov","preview_video_url":"https:\/\/cdn.shopify.com\/videos\/c\/o\/v\/3d42395bdab64fdc8bbc16481f7c7769.mp4","image_thumbnail":"shopify:\/\/shop_images\/20240124_AirHood_UGC_003_5.jpg"}},"video_image_block_YHpyDH":{"type":"video_image_block","settings":{"video_url":"","preview_video_url":"","image":"shopify:\/\/shop_images\/Christopher_Gohr_early_tester_with_AirHood_3_3_1.jpg"}},"video_image_block_E4YyKE":{"type":"video_image_block","settings":{"video_url":"https:\/\/cdn.shopify.com\/videos\/c\/o\/v\/d3fc4003db2744f8a01f4570f643b651.mp4","preview_video_url":"https:\/\/cdn.shopify.com\/videos\/c\/o\/v\/1b5c0cf649f041cab6a7fb663f40e3cd.mp4","image_thumbnail":"shopify:\/\/shop_images\/20240124_AirHood_UGC_004_1.jpg"}},"video_image_block_LFBaEh":{"type":"video_image_block","settings":{"video_url":"","preview_video_url":"https:\/\/cdn.shopify.com\/videos\/c\/o\/v\/f2343c4345f8424c9d4758d7c451bd11.mp4","image":"shopify:\/\/shop_images\/20230901_093941_3.jpg"}}},"block_order":["video_image_block_QUg4cJ","video_image_block_Qbxb3V","video_image_block_JQctU8","video_image_block_wjrM7U","video_image_block_AtfYAz","video_image_block_YHpyDH","video_image_block_E4YyKE","video_image_block_LFBaEh"],"settings":{"section_title":"Read stories from 25,000+ AirHood Owners","description":"<p>Get to know how happy home cooks are using the AirHood and receive kitchen tips and culinary stories<\/p>"}},"kitchen-images-text":{"type":"kitchen-images-text","blocks":{"image_with_text_GpYjXn":{"type":"image_with_text","settings":{"image":"shopify:\/\/shop_images\/Group_339.png","description":"<p>Get the grater out and start grooving! As you clean your kitchen after cooking with the AirHood, let this mix of funk and disco classics from the 70’s, 80’s and 90’s ignite your senses and make you groove along. Who says mundane tasks can't be enjoyable?<\/p>"}},"image_with_text_HneNEr":{"type":"image_with_text","settings":{"image":"shopify:\/\/shop_images\/Group_344.png","description":"<p>These guitar solos won't let your personal jam go without melodies. Sing your heart out when cooking a steak with the AirHood. Then you know, it is made with fiery love.<\/p>"}},"image_with_text_GEnfEe":{"type":"image_with_text","settings":{"image":"shopify:\/\/shop_images\/Group_345.png","description":"<p>Unleash your jazz potentials with this playlist while cooking a soulful dish with the AirHood. The harmonious pairing of comforting meals and a soothing playlist is a perfecto that you won't want to miss.<\/p>"}}},"block_order":["image_with_text_GpYjXn","image_with_text_HneNEr","image_with_text_GEnfEe"],"settings":{"section_title":"Be inspired to cook everyday","description":"<p>Enjoy our curated playlists made to accompany your everyday cooking, sent directly to your inbox every month!<\/p>"}},"custom-gallery":{"type":"custom-gallery","blocks":{"video_image_block1_tVmULE":{"type":"video_image_block1","settings":{"video_url":"https:\/\/www.youtube.com\/watch?v=SDIQZftpSmk","image_thumbnail":"shopify:\/\/shop_images\/Screenshot_2024-01-25_at_4.39_1.png"}},"video_image_block1_EcPj3Q":{"type":"video_image_block1","settings":{"video_url":"https:\/\/www.youtube.com\/watch?v=f27A4RJSLdA","image":"shopify:\/\/shop_images\/MicrosoftTeams-image_22_1_733ce488-3059-45c7-a58a-eaba1e41133b.jpg","image_thumbnail":"shopify:\/\/shop_images\/MicrosoftTeams-image_22_1_733ce488-3059-45c7-a58a-eaba1e41133b.jpg"}},"video_image_block1_LKm8GY":{"type":"video_image_block1","settings":{"video_url":"","image":"shopify:\/\/shop_images\/IMG_0509_1_f5a4fd0a-79f4-4dd9-92ec-2976959d049d.jpg"}},"video_image_block2_pgFzQE":{"type":"video_image_block2","settings":{"video_url":"","preview_video_url":"","image":"shopify:\/\/shop_images\/MicrosoftTeams-image_23_3_cdf51b7f-f87e-4d9d-8e55-4dfed7d971c7.jpg"}},"video_image_block2_BzRjPD":{"type":"video_image_block2","settings":{"video_url":"","preview_video_url":"","image":"shopify:\/\/shop_images\/Paola_Paulino_-_paopaopaulino_-_IG_story_-_lifestyle_04_2_ce9db9a1-4cca-4c16-bdd3-b09a2ea7638f.jpg"}},"video_image_block2_RRgLWq":{"type":"video_image_block2","settings":{"video_url":"","preview_video_url":"","image":"shopify:\/\/shop_images\/Monika_B_1_d97436f5-bfc7-45a3-84a7-3aa5f26e3f08.jpg"}},"video_image_block2_QTRzrq":{"type":"video_image_block2","settings":{"video_url":"","preview_video_url":"","image":"shopify:\/\/shop_images\/Nayong_Park_-_nyplusg_-_IG_story_-_lifestyle_2_509989db-1b6e-48bf-9833-416cc8c67d30.jpg"}}},"block_order":["video_image_block1_tVmULE","video_image_block1_EcPj3Q","video_image_block1_LKm8GY","video_image_block2_pgFzQE","video_image_block2_BzRjPD","video_image_block2_RRgLWq","video_image_block2_QTRzrq"],"settings":{"section_title":"Trusted by Home Cooks"}}},"content_for_index":[],"blocks":{"6065014864672580889":{"type":"shopify:\/\/apps\/slide-cart-by-amp\/blocks\/app-embed\/0a410b8d-7dc4-4f2d-b4e8-c12d34fd2255","disabled":false,"settings":{}},"16278478101612877664":{"type":"shopify:\/\/apps\/pagefly-page-builder\/blocks\/app-embed\/83e179f7-59a0-4589-8c66-c0dddf959200","disabled":false,"settings":{}},"855628211100114053":{"type":"shopify:\/\/apps\/klaviyo-email-marketing-sms\/blocks\/klaviyo-onsite-embed\/2632fe16-c075-4321-a88b-50b567f42507","disabled":false,"settings":{}},"4804304946286255945":{"type":"shopify:\/\/apps\/avada-cookie-consent\/blocks\/app-embed\/deacc407-65bc-4a4e-84d9-f90e9e492cf3","disabled":false,"settings":{}},"1575957009345749421":{"type":"shopify:\/\/apps\/stamped-product-reviews-ugc\/blocks\/side-drawer\/a103faaf-2125-4b0e-89fa-de5149736723","disabled":false,"settings":{"show_avatar":true,"position":"left","text":"","title":"","link":"","link_text":"","background_color":"","style_color_button_text":"","style_color_star":"","style_color_text":"","style_color_link":"","review_ids":"","product_ids":"","category":"","product_brand":"","tags":"","min_rating":"none","fill_empty":false,"random":false,"with_photos":false}},"14327677521557774844":{"type":"shopify:\/\/apps\/simprosys-google-shopping-feed\/blocks\/core_settings_block\/1f0b859e-9fa6-4007-97e8-4513aff5ff3b","disabled":false,"settings":{}},"9005256451184024879":{"type":"shopify:\/\/apps\/uppromote-affiliate\/blocks\/customer-referral\/64c32457-930d-4cb9-9641-e24c0d9cf1f4","disabled":false,"settings":{}},"1996061711396120121":{"type":"shopify:\/\/apps\/uppromote-affiliate\/blocks\/message-bar\/64c32457-930d-4cb9-9641-e24c0d9cf1f4","disabled":false,"settings":{}},"4697538150380142411":{"type":"shopify:\/\/apps\/stamped-product-reviews-ugc\/blocks\/reviews-popup\/a103faaf-2125-4b0e-89fa-de5149736723","disabled":false,"settings":{"layout":"horizontal","effect":"slidetop","delay_seconds":3,"show_seconds":10,"pause_seconds":10,"position":"bottomleft","color_background":"","color_star":"","color_text":"","review_ids":"","product_ids":"","category":"","product_brand":"","tags":"","min_rating":"none","fill_empty":false,"random":false,"with_photos":false}},"7612553728132747764":{"type":"shopify:\/\/apps\/stamped-product-reviews-ugc\/blocks\/net-promoter-score-form-modal\/a103faaf-2125-4b0e-89fa-de5149736723","disabled":false,"settings":{"email":"","name":"","title":"","message":"Enable advanced features and increase your monthly order limit to match your business's needs.","reason":"","thank_you":"","label_name":"","label_email":""}},"13768625480086291342":{"type":"shopify:\/\/apps\/forms\/blocks\/forms\/8744a304-fcb1-4347-b211-bb6b4759a76a","disabled":true,"settings":{}}}},"platform_customizations":{"custom_css":[".sc-bYoBSM.hUVNGC.__pf.__pf_ODmHFAgG {display: none;}",".Avada-CookiesBar__OuterWrapper .Avada-Cookies_Bar {display: flex; width: 100%; bottom: 0; position: absolute;}",".Avada-CookiesBar__OuterWrapper .Avada-Cookies_Bar .Avada-Cookies_GroupButton {display: flex; justify-content: flex-end; margin-right: 25px; padding-bottom: 15px; padding-top: 20px;}","@media only screen and (max-width: 600px) {#slidecarthq .floating-cart.pos3 {bottom: 2px !important; right: 20px; }}","a.icon-user {display: none;}",".price-ui-badges.price-ui-badges--square {display: none;}","@media only screen and (max-width: 798px) {div.breadcrumb-collection {text-align: left!important;}div.breadcrumb-collection {margin: 20px 0; padding-top: 40px !important;} @media only screen and (max-width: 798px) {div.breadcrumb-collection {margin: 20px 0; padding-top: 80px !important; }} @media only screen and (max-width: 600px) {div.content {padding: 140px 0px 15px 0;}} a#customer_login_link {display: none;}"]}}